Datetime,Water Level (m)
2025-12-04 12:00:00,-0.009578701
2025-12-04 13:00:00,-0.19942163
2025-12-04 14:00:00,-0.41215864
2025-12-04 15:00:00,-0.58497304
2025-12-04 16:00:00,-0.6946642
2025-12-04 17:00:00,-0.47012347
2025-12-04 18:00:00,-0.0041989987
2025-12-04 19:00:00,0.4621317
2025-12-04 20:00:00,0.9184178
2025-12-04 21:00:00,1.1424987
2025-12-04 22:00:00,1.1244625
2025-12-04 23:00:00,0.82536227
2025-12-05 00:00:00,0.52530646
2025-12-05 01:00:00,0.28110895
2025-12-05 02:00:00,0.047143605
2025-12-05 03:00:00,-0.19725412
2025-12-05 04:00:00,-0.40292874
2025-12-05 05:00:00,-0.54425895
2025-12-05 06:00:00,-0.34626502
2025-12-05 07:00:00,0.08976779
2025-12-05 08:00:00,0.44635954
2025-12-05 09:00:00,0.6900346
2025-12-05 10:00:00,0.6955932
2025-12-05 11:00:00,0.5389579
2025-12-05 12:00:00,0.2865974
2025-12-05 13:00:00,0.07336312
2025-12-05 14:00:00,-0.1322084
2025-12-05 15:00:00,-0.34254327
2025-12-05 16:00:00,-0.5154084
2025-12-05 17:00:00,-0.63585526
2025-12-05 18:00:00,-0.30297017
2025-12-05 19:00:00,0.20522533
2025-12-05 20:00:00,0.7098635
2025-12-05 21:00:00,1.0866287
2025-12-05 22:00:00,1.2367551
2025-12-05 23:00:00,1.0965736
2025-12-06 00:00:00,0.77549756
2025-12-06 01:00:00,0.49794215
2025-12-06 02:00:00,0.268599
2025-12-06 03:00:00,0.023019591
2025-12-06 04:00:00,-0.21152483
2025-12-06 05:00:00,-0.3956019
2025-12-06 06:00:00,-0.53157294
2025-12-06 07:00:00,-0.27995914
2025-12-06 08:00:00,0.15570089
2025-12-06 09:00:00,0.51763225
2025-12-06 10:00:00,0.70961076
2025-12-06 11:00:00,0.66739637
2025-12-06 12:00:00,0.47899738
2025-12-06 13:00:00,0.23835011
2025-12-06 14:00:00,0.02921354
2025-12-06 15:00:00,-0.17587286
2025-12-06 16:00:00,-0.37340054
2025-12-06 17:00:00,-0.5347074
2025-12-06 18:00:00,-0.61285144
2025-12-06 19:00:00,-0.1774183
2025-12-06 20:00:00,0.27850765
2025-12-06 21:00:00,0.7955863
2025-12-06 22:00:00,1.1069622
2025-12-06 23:00:00,1.2231883
2025-12-07 00:00:00,1.018287
2025-12-07 01:00:00,0.7032545
2025-12-07 02:00:00,0.44079474
2025-12-07 03:00:00,0.21739192
2025-12-07 04:00:00,-0.026814556
2025-12-07 05:00:00,-0.24886663
2025-12-07 06:00:00,-0.4220894
2025-12-07 07:00:00,-0.5233011
2025-12-07 08:00:00,-0.142533
2025-12-07 09:00:00,0.21583226
2025-12-07 10:00:00,0.57183236
2025-12-07 11:00:00,0.6866412
2025-12-07 12:00:00,0.63890463
2025-12-07 13:00:00,0.42595837
2025-12-07 14:00:00,0.19970578
2025-12-07 15:00:00,-0.005873509
2025-12-07 16:00:00,-0.20955807
2025-12-07 17:00:00,-0.3948457
2025-12-07 18:00:00,-0.547637
2025-12-07 19:00:00,-0.56141895
2025-12-07 20:00:00,-0.059417993
2025-12-07 21:00:00,0.3714668
2025-12-07 22:00:00,0.8630552
2025-12-07 23:00:00,1.0935683
2025-12-08 00:00:00,1.1471605
2025-12-08 01:00:00,0.89237744
2025-12-08 02:00:00,0.5999993
2025-12-08 03:00:00,0.3568746
2025-12-08 04:00:00,0.13587539
2025-12-08 05:00:00,-0.102634765
2025-12-08 06:00:00,-0.30651712
2025-12-08 07:00:00,-0.46502098
2025-12-08 08:00:00,-0.5051499
2025-12-08 09:00:00,-0.09416777
2025-12-08 10:00:00,0.23854926
2025-12-08 11:00:00,0.57689625
2025-12-08 12:00:00,0.6618622
2025-12-08 13:00:00,0.6128793
2025-12-08 14:00:00,0.38993675
2025-12-08 15:00:00,0.17298806
2025-12-08 16:00:00,-0.029427335
2025-12-08 17:00:00,-0.22761934
2025-12-08 18:00:00,-0.40446666
2025-12-08 19:00:00,-0.54032785
2025-12-08 20:00:00,-0.42615914
2025-12-08 21:00:00,0.045621164
2025-12-08 22:00:00,0.45165738
2025-12-08 23:00:00,0.8599699
2025-12-09 00:00:00,1.0398406
2025-12-09 01:00:00,1.0389403
2025-12-09 02:00:00,0.7703532
2025-12-09 03:00:00,0.50264496
2025-12-09 04:00:00,0.27488178
2025-12-09 05:00:00,0.053181574
2025-12-09 06:00:00,-0.17138389
2025-12-09 07:00:00,-0.3577334
2025-12-09 08:00:00,-0.4990321
2025-12-09 09:00:00,-0.44401744
2025-12-09 10:00:00,-0.056078084
2025-12-09 11:00:00,0.26444048
2025-12-09 12:00:00,0.55973214
2025-12-09 13:00:00,0.63337827
2025-12-09 14:00:00,0.5790634
2025-12-09 15:00:00,0.35806465
2025-12-09 16:00:00,0.14953071
2025-12-09 17:00:00,-0.046712305
2025-12-09 18:00:00,-0.23894492
2025-12-09 19:00:00,-0.4069941
2025-12-09 20:00:00,-0.5173755
2025-12-09 21:00:00,-0.3138881
2025-12-09 22:00:00,0.078623876
2025-12-09 23:00:00,0.4560348
2025-12-10 00:00:00,0.7839331
2025-12-10 01:00:00,0.92246765
2025-12-10 02:00:00,0.86312413
2025-12-10 03:00:00,0.61072487
2025-12-10 04:00:00,0.37148273
2025-12-10 05:00:00,0.15896933
2025-12-10 06:00:00,-0.056441877
2025-12-10 07:00:00,-0.2628973
2025-12-10 08:00:00,-0.4283284
2025-12-10 09:00:00,-0.55264014
2025-12-10 10:00:00,-0.4301959
2025-12-10 11:00:00,-0.07814994
2025-12-10 12:00:00,0.23446235
